EntitlementID,MembershipID,Benefit
E00001,MS0281,Dining
E00002,MS0829,Airport Lounge
E00003,MS1038,Free Night
E00004,MS0743,Airport Lounge
E00005,MS0728,StayPlus
E00006,MS0115,StayPlus
E00007,MS0107,Dining
E00008,MS0099,Dining
E00009,MS0089,Airport Lounge
E00010,MS0267,Dining
E00011,MS0353,Airport Lounge
E00012,MS0463,StayPlus
E00013,MS1030,Free Night
E00014,MS0379,StayPlus
E00015,MS0093,StayPlus
E00016,MS0427,Airport Lounge
E00017,MS0765,StayPlus
E00018,MS0558,StayPlus
E00019,MS0364,Airport Lounge
E00020,MS1007,Airport Lounge
E00021,MS0520,Dining
E00022,MS1055,Free Night
E00023,MS0870,Airport Lounge
E00024,MS1017,StayPlus
E00025,MS0854,StayPlus
E00026,MS0586,StayPlus
E00027,MS0696,Airport Lounge
E00028,MS0766,StayPlus
E00029,MS0396,Free Night
E00030,MS0855,Airport Lounge
E00031,MS0900,Airport Lounge
E00032,MS0556,Free Night
E00033,MS0214,Airport Lounge
E00034,MS1148,Dining
E00035,MS0696,Free Night
E00036,MS0004,Free Night
E00037,MS0129,StayPlus
E00038,MS1111,Airport Lounge
E00039,MS0963,StayPlus
E00040,MS0880,Dining
E00041,MS0763,StayPlus
E00042,MS0947,StayPlus
E00043,MS0193,StayPlus
E00044,MS0243,Free Night
E00045,MS0641,Airport Lounge
E00046,MS0364,Airport Lounge
E00047,MS1107,Free Night
E00048,MS1048,StayPlus
E00049,MS0062,Airport Lounge
E00050,MS0870,Free Night
E00051,MS1110,Airport Lounge
E00052,MS0020,Dining
E00053,MS0298,StayPlus
E00054,MS0170,StayPlus
E00055,MS1169,Airport Lounge
E00056,MS0498,Airport Lounge
E00057,MS0928,Free Night
E00058,MS0045,StayPlus
E00059,MS0983,Airport Lounge
E00060,MS1157,Airport Lounge
E00061,MS0288,Free Night
E00062,MS1151,Free Night
E00063,MS0599,StayPlus
E00064,MS0703,Dining
E00065,MS0465,Airport Lounge
E00066,MS0289,Airport Lounge
E00067,MS0594,Free Night
E00068,MS1059,Airport Lounge
E00069,MS0975,Free Night
E00070,MS0815,Dining
E00071,MS0028,StayPlus
E00072,MS0625,Airport Lounge
E00073,MS0118,StayPlus
E00074,MS0873,StayPlus
E00075,MS0199,Dining
E00076,MS1193,Airport Lounge
E00077,MS1196,StayPlus
E00078,MS0634,StayPlus
E00079,MS0661,Free Night
E00080,MS0791,Dining
E00081,MS0968,Free Night
E00082,MS0656,Dining
E00083,MS0852,Dining
E00084,MS0848,Free Night
E00085,MS0494,StayPlus
E00086,MS0191,Dining
E00087,MS0674,StayPlus
E00088,MS0738,Dining
E00089,MS1109,Airport Lounge
E00090,MS0840,StayPlus
E00091,MS0863,Airport Lounge
E00092,MS0412,Dining
E00093,MS0294,Airport Lounge
E00094,MS0461,StayPlus
E00095,MS1088,Airport Lounge
E00096,MS0167,Airport Lounge
E00097,MS0075,Airport Lounge
E00098,MS0415,Free Night
E00099,MS0516,Free Night
E00100,MS0464,StayPlus
E00101,MS0067,Dining
E00102,MS0391,Dining
E00103,MS1069,Free Night
E00104,MS0687,StayPlus
E00105,MS0643,Airport Lounge
E00106,MS0086,Free Night
E00107,MS0554,Airport Lounge
E00108,MS0829,StayPlus
E00109,MS0950,Dining
E00110,MS0198,Free Night
E00111,MS0479,Free Night
E00112,MS0409,StayPlus
E00113,MS0029,Dining
E00114,MS0965,Free Night
E00115,MS1073,StayPlus
E00116,MS0159,Dining
E00117,MS0894,Airport Lounge
E00118,MS0135,StayPlus
E00119,MS1165,StayPlus
E00120,MS1175,StayPlus
E00121,MS0802,Dining
E00122,MS0781,StayPlus
E00123,MS0228,Dining
E00124,MS0874,Free Night
E00125,MS0782,Airport Lounge
E00126,MS1139,StayPlus
E00127,MS0586,StayPlus
E00128,MS0905,Airport Lounge
E00129,MS0537,StayPlus
E00130,MS0995,Dining
E00131,MS1155,StayPlus
E00132,MS1111,Free Night
E00133,MS0816,Dining
E00134,MS0970,StayPlus
E00135,MS1049,StayPlus
E00136,MS0337,Free Night
E00137,MS0646,Dining
E00138,MS1144,StayPlus
E00139,MS0553,Dining
E00140,MS1109,Dining
E00141,MS0101,StayPlus
E00142,MS0120,Dining
E00143,MS1048,StayPlus
E00144,MS0947,StayPlus
E00145,MS0966,Free Night
E00146,MS1181,Airport Lounge
E00147,MS0386,Free Night
E00148,MS0574,Free Night
E00149,MS1008,Free Night
E00150,MS0494,Dining
E00151,MS1166,Dining
E00152,MS0765,Dining
E00153,MS0586,Airport Lounge
E00154,MS0020,Free Night
E00155,MS0235,Dining
E00156,MS0824,Free Night
E00157,MS0869,Dining
E00158,MS1056,Free Night
E00159,MS1164,Free Night
E00160,MS0132,StayPlus
E00161,MS0091,StayPlus
E00162,MS0736,Airport Lounge
E00163,MS1065,Free Night
E00164,MS1145,StayPlus
E00165,MS0152,StayPlus
E00166,MS0720,Dining
E00167,MS0852,Dining
E00168,MS0897,Airport Lounge
E00169,MS1111,Free Night
E00170,MS0866,StayPlus
E00171,MS0446,Free Night
E00172,MS0295,Free Night
E00173,MS0104,Dining
E00174,MS0009,StayPlus
E00175,MS1079,Airport Lounge
E00176,MS1082,Dining
E00177,MS0588,Free Night
E00178,MS0995,StayPlus
E00179,MS0054,Free Night
E00180,MS0564,Dining
E00181,MS0379,Dining
E00182,MS1104,StayPlus
E00183,MS0757,Free Night
E00184,MS0462,StayPlus
E00185,MS0024,Free Night
E00186,MS0948,StayPlus
E00187,MS0760,Airport Lounge
E00188,MS0752,StayPlus
E00189,MS0723,StayPlus
E00190,MS0071,Airport Lounge
E00191,MS0597,StayPlus
E00192,MS0473,Dining
E00193,MS1138,Free Night
E00194,MS0572,Airport Lounge
E00195,MS0710,Airport Lounge
E00196,MS0308,Dining
E00197,MS0691,Dining
E00198,MS0275,Dining
E00199,MS0085,StayPlus
E00200,MS0635,Dining
E00201,MS0413,Free Night
E00202,MS0499,Dining
E00203,MS0385,StayPlus
E00204,MS1055,Airport Lounge
E00205,MS0287,Free Night
E00206,MS0192,Airport Lounge
E00207,MS0023,Airport Lounge
E00208,MS0430,Free Night
E00209,MS0168,Dining
E00210,MS0769,Airport Lounge
E00211,MS0653,Free Night
E00212,MS0270,Airport Lounge
E00213,MS0953,Airport Lounge
E00214,MS1117,Dining
E00215,MS1158,Free Night
E00216,MS0223,StayPlus
E00217,MS1033,Dining
E00218,MS1159,Airport Lounge
E00219,MS0546,Airport Lounge
E00220,MS0909,Free Night
E00221,MS0025,Airport Lounge
E00222,MS0226,Free Night
E00223,MS0179,Free Night
E00224,MS0702,Free Night
E00225,MS1036,Free Night
E00226,MS0658,Free Night
E00227,MS0074,Dining
E00228,MS1105,Dining
E00229,MS1164,StayPlus
E00230,MS0208,Dining
E00231,MS0583,Airport Lounge
E00232,MS0598,Dining
E00233,MS0638,Airport Lounge
E00234,MS1009,StayPlus
E00235,MS0017,Airport Lounge
E00236,MS0173,Airport Lounge
E00237,MS0644,Airport Lounge
E00238,MS1191,Free Night
E00239,MS0714,Dining
E00240,MS0639,Free Night
E00241,MS0966,Free Night
E00242,MS0733,Dining
E00243,MS0922,Airport Lounge
E00244,MS0058,Dining
E00245,MS0809,Free Night
E00246,MS0976,Airport Lounge
E00247,MS0959,Dining
E00248,MS0283,Airport Lounge
E00249,MS0977,Free Night
E00250,MS0713,Airport Lounge
E00251,MS0273,StayPlus
E00252,MS1141,StayPlus
E00253,MS0942,Airport Lounge
E00254,MS0693,Airport Lounge
E00255,MS0604,Dining
E00256,MS0042,Airport Lounge
E00257,MS0547,Free Night
E00258,MS0990,Free Night
E00259,MS1200,Airport Lounge
E00260,MS0153,Airport Lounge
E00261,MS0407,Airport Lounge
E00262,MS0397,Airport Lounge
E00263,MS0538,Free Night
E00264,MS1115,Airport Lounge
E00265,MS0900,StayPlus
E00266,MS0375,StayPlus
E00267,MS0493,StayPlus
E00268,MS1029,Dining
E00269,MS0181,Dining
E00270,MS0342,StayPlus
E00271,MS0470,StayPlus
E00272,MS0421,Dining
E00273,MS0501,Airport Lounge
E00274,MS0064,StayPlus
E00275,MS0655,Free Night
E00276,MS0373,Free Night
E00277,MS0372,Free Night
E00278,MS0069,StayPlus
E00279,MS0501,Airport Lounge
E00280,MS0726,StayPlus
E00281,MS1196,Airport Lounge
E00282,MS0461,Free Night
E00283,MS0415,Free Night
E00284,MS0752,Free Night
E00285,MS0041,Dining
E00286,MS0293,Airport Lounge
E00287,MS0799,Dining
E00288,MS0148,StayPlus
E00289,MS0117,Dining
E00290,MS1137,Free Night
E00291,MS0659,Free Night
E00292,MS0214,Dining
E00293,MS0913,Dining
E00294,MS1037,Dining
E00295,MS0096,Dining
E00296,MS0514,Airport Lounge
E00297,MS0145,StayPlus
E00298,MS0836,Free Night
E00299,MS0339,Airport Lounge
E00300,MS0363,Dining
E00301,MS0250,Airport Lounge
E00302,MS0789,StayPlus
E00303,MS1000,StayPlus
E00304,MS1130,Airport Lounge
E00305,MS0026,StayPlus
E00306,MS0837,Airport Lounge
E00307,MS0510,Airport Lounge
E00308,MS0943,StayPlus
E00309,MS0900,Free Night
E00310,MS1050,Airport Lounge
E00311,MS1117,Airport Lounge
E00312,MS1042,Free Night
E00313,MS0540,Airport Lounge
E00314,MS0029,StayPlus
E00315,MS0751,StayPlus
E00316,MS0579,Free Night
E00317,MS0547,StayPlus
E00318,MS0792,Airport Lounge
E00319,MS0462,StayPlus
E00320,MS0157,StayPlus
E00321,MS0745,Dining
E00322,MS0499,Airport Lounge
E00323,MS0908,StayPlus
E00324,MS0588,Dining
E00325,MS0382,Dining
E00326,MS0055,Airport Lounge
E00327,MS0521,Free Night
E00328,MS0337,StayPlus
E00329,MS0708,StayPlus
E00330,MS0617,Free Night
E00331,MS0417,Free Night
E00332,MS0929,Free Night
E00333,MS0062,StayPlus
E00334,MS0449,Airport Lounge
E00335,MS0677,Airport Lounge
E00336,MS0044,Dining
E00337,MS0393,StayPlus
E00338,MS0517,StayPlus
E00339,MS0926,Free Night
E00340,MS0301,StayPlus
E00341,MS0771,Airport Lounge
E00342,MS0349,StayPlus
E00343,MS0808,StayPlus
E00344,MS0386,StayPlus
E00345,MS1144,Dining
E00346,MS0478,StayPlus
E00347,MS0999,Dining
E00348,MS0852,Airport Lounge
E00349,MS0974,Airport Lounge
E00350,MS0169,Airport Lounge
E00351,MS1082,Free Night
E00352,MS0968,Dining
E00353,MS1063,Airport Lounge
E00354,MS0862,StayPlus
E00355,MS0036,StayPlus
E00356,MS1200,Airport Lounge
E00357,MS0482,Airport Lounge
E00358,MS0946,Airport Lounge
E00359,MS1166,Free Night
E00360,MS0086,Dining
E00361,MS0405,Free Night
E00362,MS1162,StayPlus
E00363,MS0866,Dining
E00364,MS0135,Dining
E00365,MS0381,Dining
E00366,MS0261,Free Night
E00367,MS0463,StayPlus
E00368,MS1090,Airport Lounge
E00369,MS0118,Free Night
E00370,MS0768,Free Night
E00371,MS0427,Airport Lounge
E00372,MS0472,Airport Lounge
E00373,MS0445,Airport Lounge
E00374,MS0840,Free Night
E00375,MS0908,StayPlus
E00376,MS0152,Dining
E00377,MS0250,StayPlus
E00378,MS1060,StayPlus
E00379,MS0339,Dining
E00380,MS0413,Dining
E00381,MS0113,Dining
E00382,MS0974,Dining
E00383,MS0839,StayPlus
E00384,MS0778,Dining
E00385,MS0376,StayPlus
E00386,MS0463,Dining
E00387,MS0579,Dining
E00388,MS0151,Free Night
E00389,MS0745,Free Night
E00390,MS0544,StayPlus
E00391,MS0670,Dining
E00392,MS0382,StayPlus
E00393,MS0194,Dining
E00394,MS0327,Airport Lounge
E00395,MS1086,StayPlus
E00396,MS0149,Airport Lounge
E00397,MS1127,StayPlus
E00398,MS0892,Free Night
E00399,MS1018,Free Night
E00400,MS0352,StayPlus
E00401,MS0613,Dining
E00402,MS0089,Free Night
E00403,MS0665,Airport Lounge
E00404,MS1194,Airport Lounge
E00405,MS0859,Airport Lounge
E00406,MS0047,StayPlus
E00407,MS0911,Airport Lounge
E00408,MS1064,Dining
E00409,MS0952,StayPlus
E00410,MS0390,StayPlus
E00411,MS0536,StayPlus
E00412,MS0896,StayPlus
E00413,MS0351,StayPlus
E00414,MS1102,StayPlus
E00415,MS0224,Airport Lounge
E00416,MS0302,StayPlus
E00417,MS0693,Free Night
E00418,MS1200,Airport Lounge
E00419,MS1131,Airport Lounge
E00420,MS0267,Dining
E00421,MS0118,Dining
E00422,MS0921,Dining
E00423,MS0124,Dining
E00424,MS1157,Dining
E00425,MS0481,Airport Lounge
E00426,MS0202,StayPlus
E00427,MS0922,Airport Lounge
E00428,MS0543,Airport Lounge
E00429,MS0417,Free Night
E00430,MS0357,Airport Lounge
E00431,MS0576,Dining
E00432,MS0244,Airport Lounge
E00433,MS0931,Airport Lounge
E00434,MS0251,Free Night
E00435,MS0462,Free Night
E00436,MS0328,Free Night
E00437,MS0294,Free Night
E00438,MS1132,Dining
E00439,MS0526,StayPlus
E00440,MS1129,StayPlus
E00441,MS1162,StayPlus
E00442,MS0600,Free Night
E00443,MS0126,Free Night
E00444,MS0913,Dining
E00445,MS0043,Free Night
E00446,MS0706,StayPlus
E00447,MS0121,Free Night
E00448,MS0473,Airport Lounge
E00449,MS0836,Dining
E00450,MS0501,StayPlus
E00451,MS0568,Dining
E00452,MS0712,Dining
E00453,MS1131,Dining
E00454,MS0174,StayPlus
E00455,MS0649,Free Night
E00456,MS1186,StayPlus
E00457,MS0022,StayPlus
E00458,MS0712,Free Night
E00459,MS0558,Dining
E00460,MS0686,Airport Lounge
E00461,MS0950,StayPlus
E00462,MS0105,StayPlus
E00463,MS1054,StayPlus
E00464,MS0263,Airport Lounge
E00465,MS0353,Free Night
E00466,MS0046,Airport Lounge
E00467,MS0560,Dining
E00468,MS0980,Free Night
E00469,MS1021,StayPlus
E00470,MS0088,Free Night
E00471,MS0344,Dining
E00472,MS0299,Dining
E00473,MS0327,Dining
E00474,MS0989,StayPlus
E00475,MS1085,StayPlus
E00476,MS0306,Dining
E00477,MS0036,Dining
E00478,MS0545,StayPlus
E00479,MS0324,Free Night
E00480,MS0131,Airport Lounge
E00481,MS0914,Free Night
E00482,MS0832,Airport Lounge
E00483,MS0012,Dining
E00484,MS0259,Airport Lounge
E00485,MS0347,StayPlus
E00486,MS1039,Airport Lounge
E00487,MS0995,Dining
E00488,MS1073,StayPlus
E00489,MS0560,StayPlus
E00490,MS0474,StayPlus
E00491,MS0236,StayPlus
E00492,MS0461,Dining
E00493,MS0525,Dining
E00494,MS0382,StayPlus
E00495,MS0205,StayPlus
E00496,MS0752,Dining
E00497,MS0802,StayPlus
E00498,MS0613,Airport Lounge
E00499,MS1124,Dining
E00500,MS0457,Dining
E00501,MS0134,Dining
E00502,MS0425,Free Night
E00503,MS0850,Airport Lounge
E00504,MS0930,Free Night
E00505,MS0134,Airport Lounge
E00506,MS0798,Dining
E00507,MS0928,Free Night
E00508,MS0825,StayPlus
E00509,MS0334,Airport Lounge
E00510,MS0749,Free Night
E00511,MS0092,Airport Lounge
E00512,MS0290,StayPlus
E00513,MS0466,StayPlus
E00514,MS0883,Airport Lounge
E00515,MS0354,Airport Lounge
E00516,MS0610,Free Night
E00517,MS0452,Free Night
E00518,MS0195,StayPlus
E00519,MS1154,Free Night
E00520,MS0441,Airport Lounge
E00521,MS1072,StayPlus
E00522,MS0861,Dining
E00523,MS0788,StayPlus
E00524,MS0051,Airport Lounge
E00525,MS0077,Airport Lounge
E00526,MS1141,Free Night
E00527,MS0182,Dining
E00528,MS0059,StayPlus
E00529,MS0648,Free Night
E00530,MS0382,Free Night
E00531,MS0309,Dining
E00532,MS0570,Airport Lounge
E00533,MS0549,StayPlus
E00534,MS0570,Airport Lounge
E00535,MS0979,Free Night
E00536,MS0938,StayPlus
E00537,MS1135,Free Night
E00538,MS1094,Airport Lounge
E00539,MS0753,Free Night
E00540,MS0707,Dining
E00541,MS0586,Dining
E00542,MS0486,Dining
E00543,MS1123,Dining
E00544,MS1198,Free Night
E00545,MS0027,Free Night
E00546,MS0517,Free Night
E00547,MS0698,StayPlus
E00548,MS0228,Airport Lounge
E00549,MS0859,Airport Lounge
E00550,MS0178,Dining
E00551,MS0930,Dining
E00552,MS0138,Dining
E00553,MS0115,Dining
E00554,MS1026,StayPlus
E00555,MS1008,StayPlus
E00556,MS0620,Airport Lounge
E00557,MS0719,Dining
E00558,MS0693,Free Night
E00559,MS0677,Dining
E00560,MS0237,Free Night
E00561,MS1152,Free Night
E00562,MS0064,Dining
E00563,MS0552,Airport Lounge
E00564,MS0838,Free Night
E00565,MS1056,Airport Lounge
E00566,MS0664,Free Night
E00567,MS0092,Dining
E00568,MS0502,Airport Lounge
E00569,MS0252,Dining
E00570,MS0013,StayPlus
E00571,MS0439,Free Night
E00572,MS0900,Free Night
E00573,MS0755,StayPlus
E00574,MS0173,Free Night
E00575,MS1009,StayPlus
E00576,MS1043,Dining
E00577,MS0357,Free Night
E00578,MS0424,Dining
E00579,MS1156,Dining
E00580,MS1074,StayPlus
E00581,MS1058,Dining
E00582,MS0689,Free Night
E00583,MS0037,Free Night
E00584,MS0761,Dining
E00585,MS1172,Airport Lounge
E00586,MS0928,Free Night
E00587,MS0210,Airport Lounge
E00588,MS0603,StayPlus
E00589,MS1124,Free Night
E00590,MS0821,Dining
E00591,MS0924,Free Night
E00592,MS1089,Free Night
E00593,MS1003,Airport Lounge
E00594,MS0318,Dining
E00595,MS0445,Dining
E00596,MS1015,Free Night
E00597,MS0396,Dining
E00598,MS0673,Airport Lounge
E00599,MS0259,Dining
E00600,MS1133,StayPlus
E00601,MS0981,StayPlus
E00602,MS0843,StayPlus
E00603,MS0078,Dining
E00604,MS0884,Dining
E00605,MS0664,Free Night
E00606,MS0199,Dining
E00607,MS0896,StayPlus
E00608,MS0759,Dining
E00609,MS0755,Dining
E00610,MS0606,StayPlus
E00611,MS1019,Airport Lounge
E00612,MS0195,Airport Lounge
E00613,MS0673,Free Night
E00614,MS0913,StayPlus
E00615,MS1071,Airport Lounge
E00616,MS0863,Airport Lounge
E00617,MS0678,Free Night
E00618,MS0440,Free Night
E00619,MS0081,StayPlus
E00620,MS1069,StayPlus
E00621,MS0683,Dining
E00622,MS0221,StayPlus
E00623,MS0291,Free Night
E00624,MS0561,Dining
E00625,MS0055,Airport Lounge
E00626,MS1098,Dining
E00627,MS0615,StayPlus
E00628,MS0601,Free Night
E00629,MS0797,StayPlus
E00630,MS0770,Airport Lounge
E00631,MS1117,Airport Lounge
E00632,MS0315,Free Night
E00633,MS0846,Free Night
E00634,MS0713,StayPlus
E00635,MS0855,Dining
E00636,MS0137,Free Night
E00637,MS0613,Dining
E00638,MS1038,Free Night
E00639,MS0052,Free Night
E00640,MS0102,Free Night
E00641,MS1175,Dining
E00642,MS1092,StayPlus
E00643,MS0385,Free Night
E00644,MS0919,Airport Lounge
E00645,MS0914,Free Night
E00646,MS1122,Airport Lounge
E00647,MS0493,Dining
E00648,MS0159,Free Night
E00649,MS0993,Dining
E00650,MS0087,Airport Lounge
E00651,MS0810,Free Night
E00652,MS0815,Dining
E00653,MS0023,Airport Lounge
E00654,MS0460,Free Night
E00655,MS0392,StayPlus
E00656,MS0079,Dining
E00657,MS0372,Free Night
E00658,MS0165,Dining
E00659,MS0641,Dining
E00660,MS0918,Free Night
E00661,MS0976,Free Night
E00662,MS0379,Free Night
E00663,MS1116,StayPlus
E00664,MS0589,StayPlus
E00665,MS0422,Dining
E00666,MS0298,StayPlus
E00667,MS0991,StayPlus
E00668,MS0395,Airport Lounge
E00669,MS0426,Airport Lounge
E00670,MS1048,Dining
E00671,MS0487,Airport Lounge
E00672,MS0384,Dining
E00673,MS0086,Airport Lounge
E00674,MS0449,Airport Lounge
E00675,MS1196,Free Night
E00676,MS0528,Dining
E00677,MS0081,StayPlus
E00678,MS1124,StayPlus
E00679,MS1023,Airport Lounge
E00680,MS1022,Free Night
E00681,MS0298,Free Night
E00682,MS0926,Airport Lounge
E00683,MS0248,StayPlus
E00684,MS0874,Airport Lounge
E00685,MS0893,Free Night
E00686,MS0245,Free Night
E00687,MS1122,Dining
E00688,MS0503,StayPlus
E00689,MS0473,Free Night
E00690,MS0974,Free Night
E00691,MS0408,Free Night
E00692,MS0503,StayPlus
E00693,MS0430,Airport Lounge
E00694,MS0201,Airport Lounge
E00695,MS0933,Free Night
E00696,MS0484,StayPlus
E00697,MS0804,Airport Lounge
E00698,MS0882,Dining
E00699,MS0965,Airport Lounge
E00700,MS0160,Dining
E00701,MS1196,StayPlus
E00702,MS0841,Free Night
E00703,MS0310,Dining
E00704,MS1175,Free Night
E00705,MS0357,StayPlus
E00706,MS0361,Free Night
E00707,MS0941,Airport Lounge
E00708,MS1184,Free Night
E00709,MS0877,Free Night
E00710,MS0008,StayPlus
E00711,MS0383,StayPlus
E00712,MS0356,Free Night
E00713,MS1084,Dining
E00714,MS0427,Airport Lounge
E00715,MS1074,Airport Lounge
E00716,MS0821,StayPlus
E00717,MS0823,Dining
E00718,MS0004,Airport Lounge
E00719,MS0189,StayPlus
E00720,MS0754,Airport Lounge
E00721,MS0811,Airport Lounge
E00722,MS0415,Airport Lounge
E00723,MS0197,Free Night
E00724,MS0107,StayPlus
E00725,MS0318,Free Night
E00726,MS0489,Free Night
E00727,MS0415,Free Night
E00728,MS0838,Dining
E00729,MS0867,Airport Lounge
E00730,MS0636,Dining
E00731,MS0744,Airport Lounge
E00732,MS0041,Dining
E00733,MS1100,Free Night
E00734,MS0266,Dining
E00735,MS0359,StayPlus
E00736,MS1039,Dining
E00737,MS1165,Airport Lounge
E00738,MS0734,Free Night
E00739,MS0834,Dining
E00740,MS0551,Free Night
E00741,MS1048,StayPlus
E00742,MS0606,StayPlus
E00743,MS0688,Airport Lounge
E00744,MS0851,Airport Lounge
E00745,MS1185,Dining
E00746,MS0859,Dining
E00747,MS0706,Dining
E00748,MS0913,StayPlus
E00749,MS0133,Dining
E00750,MS1070,StayPlus
E00751,MS0682,StayPlus
E00752,MS0681,Free Night
E00753,MS0314,Free Night
E00754,MS0627,Free Night
E00755,MS0752,Dining
E00756,MS0364,Free Night
E00757,MS0780,StayPlus
E00758,MS0224,Dining
E00759,MS0953,Free Night
E00760,MS0396,Airport Lounge
E00761,MS0222,StayPlus
E00762,MS0608,Airport Lounge
E00763,MS0013,Free Night
E00764,MS0997,Free Night
E00765,MS0410,StayPlus
E00766,MS0975,StayPlus
E00767,MS0782,Airport Lounge
E00768,MS0948,Airport Lounge
E00769,MS0225,Dining
E00770,MS1025,Free Night
E00771,MS0384,Free Night
E00772,MS0001,Airport Lounge
E00773,MS0232,Free Night
E00774,MS1091,Dining
E00775,MS1021,Dining
E00776,MS0732,Airport Lounge
E00777,MS1193,Free Night
E00778,MS0059,StayPlus
E00779,MS0877,Free Night
E00780,MS0538,Dining
E00781,MS0243,Free Night
E00782,MS0493,StayPlus
E00783,MS0499,Free Night
E00784,MS0939,Airport Lounge
E00785,MS0269,StayPlus
E00786,MS0881,Free Night
E00787,MS0242,StayPlus
E00788,MS0285,Free Night
E00789,MS0866,Dining
E00790,MS0514,Free Night
E00791,MS0803,StayPlus
E00792,MS0131,StayPlus
E00793,MS0184,Airport Lounge
E00794,MS0115,Dining
E00795,MS0406,Free Night
E00796,MS1173,Dining
E00797,MS0894,StayPlus
E00798,MS0683,Dining
E00799,MS0434,Free Night
E00800,MS0756,Airport Lounge
E00801,MS0219,StayPlus
E00802,MS0817,Dining
E00803,MS0893,Airport Lounge
E00804,MS0665,StayPlus
E00805,MS0239,StayPlus
E00806,MS0230,Free Night
E00807,MS0167,Airport Lounge
E00808,MS0084,Airport Lounge
E00809,MS0532,Dining
E00810,MS0511,Free Night
E00811,MS1066,Airport Lounge
E00812,MS0797,Dining
E00813,MS0509,StayPlus
E00814,MS0059,Dining
E00815,MS0302,Free Night
E00816,MS0038,StayPlus
E00817,MS0059,Free Night
E00818,MS0926,Free Night
E00819,MS0576,Free Night
E00820,MS0782,StayPlus
E00821,MS1117,Dining
E00822,MS0579,Free Night
E00823,MS0082,Dining
E00824,MS0948,Free Night
E00825,MS1143,StayPlus
E00826,MS0499,Dining
E00827,MS0060,Dining
E00828,MS0069,StayPlus
E00829,MS0951,Airport Lounge
E00830,MS1057,Free Night
E00831,MS0536,Dining
E00832,MS0800,Free Night
E00833,MS1056,Free Night
E00834,MS0618,Free Night
E00835,MS0775,Airport Lounge
E00836,MS0568,Dining
E00837,MS1132,StayPlus
E00838,MS0794,StayPlus
E00839,MS0225,Free Night
E00840,MS0667,Free Night
E00841,MS0053,StayPlus
E00842,MS0328,Free Night
E00843,MS0075,StayPlus
E00844,MS0780,Free Night
E00845,MS0159,Airport Lounge
E00846,MS0824,Free Night
E00847,MS0172,Free Night
E00848,MS0018,Dining
E00849,MS1032,Airport Lounge
E00850,MS1100,Airport Lounge
E00851,MS0798,Dining
E00852,MS0940,StayPlus
E00853,MS0215,Free Night
E00854,MS0733,Airport Lounge
E00855,MS0469,Airport Lounge
E00856,MS1134,Free Night
E00857,MS0645,Airport Lounge
E00858,MS0320,Airport Lounge
E00859,MS0857,Free Night
E00860,MS0761,StayPlus
E00861,MS0362,StayPlus
E00862,MS0233,StayPlus
E00863,MS0749,Dining
E00864,MS1158,StayPlus
E00865,MS0834,StayPlus
E00866,MS0140,StayPlus
E00867,MS0815,Free Night
E00868,MS0134,Airport Lounge
E00869,MS0537,StayPlus
E00870,MS0214,Free Night
E00871,MS1145,Airport Lounge
E00872,MS0497,StayPlus
E00873,MS0692,Free Night
E00874,MS0407,Free Night
E00875,MS0245,Dining
E00876,MS0639,StayPlus
E00877,MS1083,StayPlus
E00878,MS0502,Free Night
E00879,MS0125,Dining
E00880,MS0054,Dining
E00881,MS0191,StayPlus
E00882,MS0010,Dining
E00883,MS0998,Airport Lounge
E00884,MS1099,Airport Lounge
E00885,MS1149,StayPlus
E00886,MS0841,Free Night
E00887,MS0198,Airport Lounge
E00888,MS0402,Dining
E00889,MS0022,Dining
E00890,MS0098,Airport Lounge
E00891,MS1036,Airport Lounge
E00892,MS0749,StayPlus
E00893,MS0449,StayPlus
E00894,MS0797,Airport Lounge
E00895,MS1058,StayPlus
E00896,MS0968,Dining
E00897,MS0115,Free Night
E00898,MS0733,Dining
E00899,MS0635,Free Night
E00900,MS1033,Free Night
E00901,MS0743,Airport Lounge
E00902,MS1102,StayPlus
E00903,MS0795,StayPlus
E00904,MS0949,Airport Lounge
E00905,MS1057,StayPlus
E00906,MS0068,Airport Lounge
E00907,MS0350,Free Night
E00908,MS0798,StayPlus
E00909,MS0578,Dining
E00910,MS0327,Free Night
E00911,MS0178,Dining
E00912,MS0442,Free Night
E00913,MS1177,StayPlus
E00914,MS1169,Dining
E00915,MS0645,Dining
E00916,MS0641,StayPlus
E00917,MS0282,StayPlus
E00918,MS0369,Free Night
E00919,MS0295,Airport Lounge
E00920,MS1198,Dining
E00921,MS0448,StayPlus
E00922,MS1017,Free Night
E00923,MS0777,Dining
E00924,MS0671,Free Night
E00925,MS0725,Free Night
E00926,MS0385,Free Night
E00927,MS0903,Dining
E00928,MS1084,Airport Lounge
E00929,MS0722,StayPlus
E00930,MS0212,Dining
E00931,MS0764,StayPlus
E00932,MS0085,Dining
E00933,MS0941,Dining
E00934,MS0959,Free Night
E00935,MS0241,Dining
E00936,MS0589,Dining
E00937,MS0031,Free Night
E00938,MS1129,Dining
E00939,MS0515,Dining
E00940,MS1162,Free Night
E00941,MS1190,Free Night
E00942,MS0507,Dining
E00943,MS0045,Dining
E00944,MS0010,Airport Lounge
E00945,MS0029,Free Night
E00946,MS0024,Airport Lounge
E00947,MS0088,Free Night
E00948,MS0816,Dining
E00949,MS0166,Dining
E00950,MS0612,Dining
E00951,MS0956,Airport Lounge
E00952,MS0191,Airport Lounge
E00953,MS0390,StayPlus
E00954,MS0624,StayPlus
E00955,MS0831,StayPlus
E00956,MS0027,StayPlus
E00957,MS0104,Airport Lounge
E00958,MS0761,Free Night
E00959,MS0674,StayPlus
E00960,MS0051,StayPlus
E00961,MS0456,Airport Lounge
E00962,MS0179,StayPlus
E00963,MS0629,Dining
E00964,MS0055,StayPlus
E00965,MS1033,StayPlus
E00966,MS0266,Airport Lounge
E00967,MS1179,StayPlus
E00968,MS0927,Dining
E00969,MS1138,Dining
E00970,MS0751,Airport Lounge
E00971,MS1141,StayPlus
E00972,MS1171,Dining
E00973,MS0794,Airport Lounge
E00974,MS1177,StayPlus
E00975,MS0567,Airport Lounge
E00976,MS0095,Airport Lounge
E00977,MS0397,StayPlus
E00978,MS0293,Airport Lounge
E00979,MS0659,Dining
E00980,MS0189,StayPlus
E00981,MS0175,Free Night
E00982,MS0664,StayPlus
E00983,MS0777,Free Night
E00984,MS0646,StayPlus
E00985,MS1089,Dining
E00986,MS0378,Airport Lounge
E00987,MS0970,Dining
E00988,MS0304,StayPlus
E00989,MS0397,Dining
E00990,MS0710,Dining
E00991,MS0265,Free Night
E00992,MS0162,Airport Lounge
E00993,MS0266,Dining
E00994,MS0870,Dining
E00995,MS0043,Dining
E00996,MS1085,StayPlus
E00997,MS0392,StayPlus
E00998,MS1036,Dining
E00999,MS0095,Dining
E01000,MS1032,Dining
E01001,MS0470,StayPlus
E01002,MS0769,Dining
E01003,MS0616,StayPlus
E01004,MS0691,Dining
E01005,MS0190,StayPlus
E01006,MS0010,Airport Lounge
E01007,MS1124,StayPlus
E01008,MS0661,StayPlus
E01009,MS1160,Airport Lounge
E01010,MS0527,Dining
E01011,MS0265,Free Night
E01012,MS0822,Dining
E01013,MS0989,Airport Lounge
E01014,MS0214,Free Night
E01015,MS0144,Free Night
E01016,MS0697,StayPlus
E01017,MS0816,Dining
E01018,MS0097,Free Night
E01019,MS1156,Free Night
E01020,MS0533,Airport Lounge
E01021,MS0071,Airport Lounge
E01022,MS0993,Free Night
E01023,MS1161,Airport Lounge
E01024,MS0151,StayPlus
E01025,MS1126,Dining
E01026,MS0833,Dining
E01027,MS0644,Free Night
E01028,MS0505,Dining
E01029,MS0476,Airport Lounge
E01030,MS1108,Airport Lounge
E01031,MS0967,StayPlus
E01032,MS1001,StayPlus
E01033,MS0661,StayPlus
E01034,MS1181,Dining
E01035,MS0156,StayPlus
E01036,MS0121,StayPlus
E01037,MS0742,Airport Lounge
E01038,MS0352,Free Night
E01039,MS0336,Free Night
E01040,MS0703,Free Night
E01041,MS0409,Free Night
E01042,MS0065,Dining
E01043,MS0751,Free Night
E01044,MS0291,Dining
E01045,MS1177,Free Night
E01046,MS0758,Free Night
E01047,MS0214,Airport Lounge
E01048,MS0226,Dining
E01049,MS0087,Free Night
E01050,MS0338,StayPlus
E01051,MS0620,Free Night
E01052,MS0982,StayPlus
E01053,MS0224,Free Night
E01054,MS0722,StayPlus
E01055,MS0463,Free Night
E01056,MS0086,StayPlus
E01057,MS0979,Free Night
E01058,MS0855,Dining
E01059,MS0230,Airport Lounge
E01060,MS1115,Dining
E01061,MS0075,Dining
E01062,MS0612,Free Night
E01063,MS0867,Dining
E01064,MS0342,Free Night
E01065,MS0476,Dining
E01066,MS0415,Airport Lounge
E01067,MS1167,Free Night
E01068,MS0467,Airport Lounge
E01069,MS1171,Airport Lounge
E01070,MS1006,Airport Lounge
E01071,MS0802,StayPlus
E01072,MS1116,Airport Lounge
E01073,MS0626,Dining
E01074,MS1114,Airport Lounge
E01075,MS1101,Airport Lounge
E01076,MS1174,StayPlus
E01077,MS0675,Airport Lounge
E01078,MS0720,Dining
E01079,MS1034,Airport Lounge
E01080,MS0193,StayPlus
E01081,MS0174,Free Night
E01082,MS1096,Dining
E01083,MS1076,StayPlus
E01084,MS0226,StayPlus
E01085,MS0330,Dining
E01086,MS1112,Dining
E01087,MS0817,Dining
E01088,MS0545,Airport Lounge
E01089,MS0437,StayPlus
E01090,MS0072,Airport Lounge
E01091,MS0021,StayPlus
E01092,MS0900,StayPlus
E01093,MS0948,Dining
E01094,MS0787,Dining
E01095,MS0567,Dining
E01096,MS0380,StayPlus
E01097,MS0084,Airport Lounge
E01098,MS0322,Free Night
E01099,MS0880,Dining
E01100,MS0765,Free Night
E01101,MS0818,Dining
E01102,MS0846,StayPlus
E01103,MS0797,Airport Lounge
E01104,MS0704,Dining
E01105,MS0434,StayPlus
E01106,MS0440,Dining
E01107,MS0400,Dining
E01108,MS0522,Dining
E01109,MS0301,StayPlus
E01110,MS0947,Dining
E01111,MS0472,Dining
E01112,MS0320,Dining
E01113,MS0860,Airport Lounge
E01114,MS0008,Free Night
E01115,MS1164,Airport Lounge
E01116,MS0439,Free Night
E01117,MS0574,Free Night
E01118,MS0251,StayPlus
E01119,MS0250,Dining
E01120,MS0377,StayPlus
E01121,MS0836,Free Night
E01122,MS0527,Dining
E01123,MS0167,Dining
E01124,MS0787,Airport Lounge
E01125,MS1187,Airport Lounge
E01126,MS1117,Free Night
E01127,MS0555,Dining
E01128,MS0491,Dining
E01129,MS0808,Airport Lounge
E01130,MS0382,StayPlus
E01131,MS0260,Dining
E01132,MS1104,Dining
E01133,MS0589,StayPlus
E01134,MS0673,Dining
E01135,MS0801,Dining
E01136,MS0665,Free Night
E01137,MS1090,StayPlus
E01138,MS0061,Airport Lounge
E01139,MS0703,Dining
E01140,MS0098,StayPlus
E01141,MS0892,Free Night
E01142,MS0727,Dining
E01143,MS0958,Airport Lounge
E01144,MS0755,Free Night
E01145,MS0006,Free Night
E01146,MS0680,Dining
E01147,MS0603,StayPlus
E01148,MS0441,Dining
E01149,MS0248,Free Night
E01150,MS0561,Dining
E01151,MS0907,Airport Lounge
E01152,MS0138,Dining
E01153,MS1064,StayPlus
E01154,MS0137,Dining
E01155,MS0080,Free Night
E01156,MS0222,Airport Lounge
E01157,MS0923,StayPlus
E01158,MS0508,Free Night
E01159,MS0075,Free Night
E01160,MS0390,StayPlus
E01161,MS0667,StayPlus
E01162,MS0930,Free Night
E01163,MS0028,Free Night
E01164,MS0099,Airport Lounge
E01165,MS0889,Airport Lounge
E01166,MS0696,Dining
E01167,MS0219,Airport Lounge
E01168,MS0548,Airport Lounge
E01169,MS0796,StayPlus
E01170,MS0722,Free Night
E01171,MS0373,StayPlus
E01172,MS0945,Airport Lounge
E01173,MS0453,Dining
E01174,MS0305,StayPlus
E01175,MS0573,Airport Lounge
E01176,MS0604,StayPlus
E01177,MS0533,Free Night
E01178,MS0454,Dining
E01179,MS0264,Dining
E01180,MS1096,Dining
E01181,MS0304,Dining
E01182,MS1024,Dining
E01183,MS0600,Free Night
E01184,MS0049,Airport Lounge
E01185,MS1042,Airport Lounge
E01186,MS0724,Dining
E01187,MS0649,Dining
E01188,MS0710,StayPlus
E01189,MS0132,Free Night
E01190,MS0101,Airport Lounge
E01191,MS0048,Free Night
E01192,MS1020,Free Night
E01193,MS0356,Airport Lounge
E01194,MS1094,StayPlus
E01195,MS0555,Dining
E01196,MS0027,StayPlus
E01197,MS0373,Airport Lounge
E01198,MS0074,StayPlus
E01199,MS0904,Free Night
E01200,MS0227,Dining
E01201,MS0165,Airport Lounge
E01202,MS0287,Dining
E01203,MS0527,StayPlus
E01204,MS1031,Airport Lounge
E01205,MS0368,Airport Lounge
E01206,MS0249,StayPlus
E01207,MS0955,StayPlus
E01208,MS0887,StayPlus
E01209,MS0776,StayPlus
E01210,MS0863,Free Night
E01211,MS0602,StayPlus
E01212,MS1131,Airport Lounge
E01213,MS0787,Airport Lounge
E01214,MS1124,Free Night
E01215,MS1155,Free Night
E01216,MS0694,Dining
E01217,MS0038,StayPlus
E01218,MS0619,StayPlus
E01219,MS1160,Dining
E01220,MS0302,StayPlus
E01221,MS0997,Dining
E01222,MS0332,Dining
E01223,MS0087,Dining
E01224,MS0360,Dining
E01225,MS0170,StayPlus
E01226,MS0887,Dining
E01227,MS1094,Free Night
E01228,MS0944,Free Night
E01229,MS1135,Free Night
E01230,MS0638,Free Night
E01231,MS0431,Free Night
E01232,MS0533,Airport Lounge
E01233,MS0724,Airport Lounge
E01234,MS0129,Free Night
E01235,MS0802,Airport Lounge
E01236,MS0061,StayPlus
E01237,MS0070,StayPlus
E01238,MS0399,Airport Lounge
E01239,MS0795,Airport Lounge
E01240,MS0249,Airport Lounge
E01241,MS0060,StayPlus
E01242,MS0413,Dining
E01243,MS0181,Airport Lounge
E01244,MS0256,Airport Lounge
E01245,MS0160,Free Night
E01246,MS0299,Dining
E01247,MS0829,StayPlus
E01248,MS0086,Dining
E01249,MS0957,Dining
E01250,MS0243,Airport Lounge
E01251,MS0486,Dining
E01252,MS0263,StayPlus
E01253,MS0916,Free Night
E01254,MS1056,StayPlus
E01255,MS0937,Free Night
E01256,MS0821,Free Night
E01257,MS0736,Dining
E01258,MS0710,Free Night
E01259,MS0905,Airport Lounge
E01260,MS0700,Free Night
E01261,MS1044,Free Night
E01262,MS0799,Dining
E01263,MS0184,Dining
E01264,MS0350,Dining
E01265,MS0965,Dining
E01266,MS0975,Airport Lounge
E01267,MS0327,Airport Lounge
E01268,MS0266,Free Night
E01269,MS0883,StayPlus
E01270,MS1107,Free Night
E01271,MS0112,Dining
E01272,MS0783,Free Night
E01273,MS0310,StayPlus
E01274,MS0631,Dining
E01275,MS0825,Free Night
E01276,MS0608,Dining
E01277,MS1024,Airport Lounge
E01278,MS0866,Dining
E01279,MS0084,Dining
E01280,MS0434,StayPlus
E01281,MS0312,StayPlus
E01282,MS0474,Dining
E01283,MS0596,StayPlus
E01284,MS0754,Free Night
E01285,MS0824,Airport Lounge
E01286,MS0647,Dining
E01287,MS0091,Airport Lounge
E01288,MS0272,Free Night
E01289,MS0866,Free Night
E01290,MS0100,StayPlus
E01291,MS1131,StayPlus
E01292,MS0131,Free Night
E01293,MS0913,Dining
E01294,MS0012,Dining
E01295,MS0225,Free Night
E01296,MS0511,StayPlus
E01297,MS0518,Airport Lounge
E01298,MS0682,Dining
E01299,MS0009,Free Night
E01300,MS0988,Airport Lounge
E01301,MS0245,Airport Lounge
E01302,MS0620,Free Night
E01303,MS0718,StayPlus
E01304,MS1155,Free Night
E01305,MS0863,StayPlus
E01306,MS0781,StayPlus
E01307,MS0132,Airport Lounge
E01308,MS0936,StayPlus
E01309,MS0302,Dining
E01310,MS0338,Dining
E01311,MS0099,Airport Lounge
E01312,MS0122,Free Night
E01313,MS0187,StayPlus
E01314,MS0964,Dining
E01315,MS0857,StayPlus
E01316,MS0237,StayPlus
E01317,MS0721,Free Night
E01318,MS1106,StayPlus
E01319,MS0171,Airport Lounge
E01320,MS0211,Dining
E01321,MS0808,StayPlus
E01322,MS0489,Free Night
E01323,MS0533,Free Night
E01324,MS0422,Dining
E01325,MS0628,Free Night
E01326,MS0946,StayPlus
E01327,MS0567,Airport Lounge
E01328,MS0297,Airport Lounge
E01329,MS0140,StayPlus
E01330,MS0430,Free Night
E01331,MS0163,StayPlus
E01332,MS0110,StayPlus
E01333,MS0973,Free Night
E01334,MS0893,Dining
E01335,MS0093,Airport Lounge
E01336,MS0843,Free Night
E01337,MS0209,Free Night
E01338,MS1190,StayPlus
E01339,MS0795,Dining
E01340,MS1066,Airport Lounge
E01341,MS0578,StayPlus
E01342,MS0442,Airport Lounge
E01343,MS0446,StayPlus
E01344,MS0586,StayPlus
E01345,MS0545,Dining
E01346,MS0064,Airport Lounge
E01347,MS0812,Free Night
E01348,MS1106,Airport Lounge
E01349,MS0443,Dining
E01350,MS0999,StayPlus
E01351,MS0098,Dining
E01352,MS0346,Free Night
E01353,MS0993,Airport Lounge
E01354,MS0659,Airport Lounge
E01355,MS0703,StayPlus
E01356,MS0445,Dining
E01357,MS0437,Free Night
E01358,MS1134,Airport Lounge
E01359,MS0672,StayPlus
E01360,MS1012,Dining
E01361,MS1089,Airport Lounge
E01362,MS0488,StayPlus
E01363,MS0870,Free Night
E01364,MS1161,Dining
E01365,MS0679,StayPlus
E01366,MS0581,Free Night
E01367,MS1195,Airport Lounge
E01368,MS0255,StayPlus
E01369,MS0913,Dining
E01370,MS0813,Free Night
E01371,MS1032,StayPlus
E01372,MS0895,Dining
E01373,MS0191,Airport Lounge
E01374,MS0652,Airport Lounge
E01375,MS0897,Free Night
E01376,MS0095,StayPlus
E01377,MS0506,Dining
E01378,MS1065,Airport Lounge
E01379,MS1116,StayPlus
E01380,MS0773,Airport Lounge
E01381,MS0205,StayPlus
E01382,MS1073,Airport Lounge
E01383,MS0165,Free Night
E01384,MS1066,StayPlus
E01385,MS0736,StayPlus
E01386,MS0964,StayPlus
E01387,MS0720,StayPlus
E01388,MS0245,Dining
E01389,MS0120,Airport Lounge
E01390,MS0086,Free Night
E01391,MS1195,StayPlus
E01392,MS1064,Dining
E01393,MS0399,Free Night
E01394,MS0938,Free Night
E01395,MS0072,StayPlus
E01396,MS0631,Airport Lounge
E01397,MS0414,StayPlus
E01398,MS0667,Dining
E01399,MS0759,StayPlus
E01400,MS1109,Airport Lounge
E01401,MS0512,StayPlus
E01402,MS0562,StayPlus
E01403,MS0006,Dining
E01404,MS0243,Airport Lounge
E01405,MS0752,StayPlus
E01406,MS0422,StayPlus
E01407,MS0506,Dining
E01408,MS0295,Airport Lounge
E01409,MS0999,Dining
E01410,MS0135,StayPlus
E01411,MS0224,StayPlus
E01412,MS0518,Free Night
E01413,MS0538,StayPlus
E01414,MS0711,StayPlus
E01415,MS0483,StayPlus
E01416,MS0949,Dining
E01417,MS0087,Free Night
E01418,MS0793,StayPlus
E01419,MS0727,Dining
E01420,MS0164,StayPlus
E01421,MS0098,Dining
E01422,MS0562,Free Night
E01423,MS1184,StayPlus
E01424,MS0665,Airport Lounge
E01425,MS0462,Dining
E01426,MS0679,Dining
E01427,MS0569,Free Night
E01428,MS1022,StayPlus
E01429,MS0460,Airport Lounge
E01430,MS0835,StayPlus
E01431,MS0047,Free Night
E01432,MS0731,StayPlus
E01433,MS0466,Free Night
E01434,MS0428,StayPlus
E01435,MS0165,Airport Lounge
E01436,MS0231,Dining
E01437,MS0651,StayPlus
E01438,MS0632,Airport Lounge
E01439,MS0956,StayPlus
E01440,MS0105,Dining
E01441,MS0282,StayPlus
E01442,MS0306,StayPlus
E01443,MS0429,Airport Lounge
E01444,MS0601,Dining
E01445,MS0187,Dining
E01446,MS0772,Dining
E01447,MS1017,StayPlus
E01448,MS0051,Free Night
E01449,MS0523,Dining
E01450,MS0715,Free Night
E01451,MS0773,Dining
E01452,MS0315,Airport Lounge
E01453,MS0038,Airport Lounge
E01454,MS0483,StayPlus
E01455,MS0040,Airport Lounge
E01456,MS0507,Free Night
E01457,MS0691,Airport Lounge
E01458,MS0001,Free Night
E01459,MS0424,Free Night
E01460,MS0500,StayPlus
E01461,MS0557,Free Night
E01462,MS0275,Airport Lounge
E01463,MS0405,Airport Lounge
E01464,MS0311,Free Night
E01465,MS1008,Free Night
E01466,MS0003,Dining
E01467,MS1117,Dining
E01468,MS0810,Dining
E01469,MS0926,StayPlus
E01470,MS0105,Dining
E01471,MS1151,StayPlus
E01472,MS0766,Dining
E01473,MS0216,Dining
E01474,MS0154,StayPlus
E01475,MS0489,Free Night
E01476,MS0065,Free Night
E01477,MS0846,StayPlus
E01478,MS0023,StayPlus
E01479,MS0561,Free Night
E01480,MS1176,Dining
E01481,MS0735,Dining
E01482,MS0120,Free Night
E01483,MS0326,Free Night
E01484,MS0923,Free Night
E01485,MS0697,Free Night
E01486,MS0113,Airport Lounge
E01487,MS0166,Free Night
E01488,MS0164,Airport Lounge
E01489,MS0707,Dining
E01490,MS0229,StayPlus
E01491,MS1124,Free Night
E01492,MS0831,StayPlus
E01493,MS0548,Free Night
E01494,MS0514,Free Night
E01495,MS0942,Airport Lounge
E01496,MS0475,Free Night
E01497,MS0228,StayPlus
E01498,MS0063,Dining
E01499,MS0625,Free Night
E01500,MS1005,Dining
E01501,MS0676,StayPlus
E01502,MS0345,Free Night
E01503,MS0159,Dining
E01504,MS0767,Airport Lounge
E01505,MS0679,StayPlus
E01506,MS0375,StayPlus
E01507,MS0135,Dining
E01508,MS0911,Airport Lounge
E01509,MS1095,Dining
E01510,MS0850,Dining
E01511,MS0087,Airport Lounge
E01512,MS1114,Dining
E01513,MS0344,StayPlus
E01514,MS0007,Free Night
E01515,MS0409,Dining
E01516,MS0956,Dining
E01517,MS0137,Free Night
E01518,MS0517,Free Night
E01519,MS0827,Airport Lounge
E01520,MS0284,Airport Lounge
E01521,MS0737,Free Night
E01522,MS1153,StayPlus
E01523,MS0158,Free Night
E01524,MS0898,Free Night
E01525,MS0056,StayPlus
E01526,MS0770,StayPlus
E01527,MS0406,StayPlus
E01528,MS1149,StayPlus
E01529,MS0339,Free Night
E01530,MS0940,StayPlus
E01531,MS0453,Airport Lounge
E01532,MS0732,Dining
E01533,MS0140,StayPlus
E01534,MS0245,Free Night
E01535,MS0879,Free Night
E01536,MS0806,Airport Lounge
E01537,MS0489,Dining
E01538,MS0388,Dining
E01539,MS0392,Free Night
E01540,MS0727,Airport Lounge
E01541,MS1194,StayPlus
E01542,MS0651,StayPlus
E01543,MS0002,StayPlus
E01544,MS0760,Dining
E01545,MS0289,Free Night
E01546,MS0368,Free Night
E01547,MS0071,StayPlus
E01548,MS0219,Free Night
E01549,MS0793,Airport Lounge
E01550,MS0092,Dining
E01551,MS0244,Free Night
E01552,MS1163,Free Night
E01553,MS0763,Free Night
E01554,MS0435,Free Night
E01555,MS0492,StayPlus
E01556,MS0197,Airport Lounge
E01557,MS0858,StayPlus
E01558,MS0232,Dining
E01559,MS0185,StayPlus
E01560,MS0442,Dining
E01561,MS0296,Free Night
E01562,MS0666,Free Night
E01563,MS0740,Airport Lounge
E01564,MS0030,Airport Lounge
E01565,MS0273,Dining
E01566,MS0356,StayPlus
E01567,MS0512,Free Night
E01568,MS0654,Dining
E01569,MS0765,Airport Lounge
E01570,MS0913,Dining
E01571,MS1146,StayPlus
E01572,MS0875,Free Night
E01573,MS0565,Free Night
E01574,MS0993,Dining
E01575,MS0806,Airport Lounge
E01576,MS0339,Free Night
E01577,MS0925,Dining
E01578,MS0954,Dining
E01579,MS1042,Dining
E01580,MS0383,Dining
E01581,MS0786,Dining
E01582,MS0620,Free Night
E01583,MS0096,Free Night
E01584,MS0572,Dining
E01585,MS1003,Airport Lounge
E01586,MS0704,StayPlus
E01587,MS0733,StayPlus
E01588,MS0321,Airport Lounge
E01589,MS0156,StayPlus
E01590,MS1077,Airport Lounge
E01591,MS0287,StayPlus
E01592,MS0570,Free Night
E01593,MS1072,StayPlus
E01594,MS0769,StayPlus
E01595,MS0772,Free Night
E01596,MS0866,Free Night
E01597,MS1130,StayPlus
E01598,MS0168,Free Night
E01599,MS1079,Airport Lounge
E01600,MS0740,Free Night
E01601,MS0553,StayPlus
E01602,MS0406,Airport Lounge
E01603,MS1092,StayPlus
E01604,MS0223,StayPlus
E01605,MS0934,StayPlus
E01606,MS0838,StayPlus
E01607,MS1106,Dining
E01608,MS0442,Dining
E01609,MS0774,Dining
E01610,MS0744,StayPlus
E01611,MS0256,Airport Lounge
E01612,MS0367,StayPlus
E01613,MS1111,Airport Lounge
E01614,MS0933,Free Night
E01615,MS0880,Airport Lounge
E01616,MS0563,Dining
E01617,MS0116,StayPlus
E01618,MS0953,Free Night
E01619,MS0610,Free Night
E01620,MS1035,StayPlus
E01621,MS0764,Free Night
E01622,MS0887,StayPlus
E01623,MS0865,Free Night
E01624,MS1193,Free Night
E01625,MS0748,Free Night
E01626,MS0337,Airport Lounge
E01627,MS0161,Dining
E01628,MS0622,Dining
E01629,MS0287,Free Night
E01630,MS1161,StayPlus
E01631,MS0410,Free Night
E01632,MS0583,StayPlus
E01633,MS0675,Dining
E01634,MS1025,Airport Lounge
E01635,MS1124,Dining
E01636,MS0285,Airport Lounge
E01637,MS0542,StayPlus
E01638,MS0754,Free Night
E01639,MS0500,Airport Lounge
E01640,MS0953,Free Night
E01641,MS0863,StayPlus
E01642,MS0438,StayPlus
E01643,MS1098,Dining
E01644,MS0102,Airport Lounge
E01645,MS0570,Dining
E01646,MS0888,Dining
E01647,MS0062,Free Night
E01648,MS0750,Free Night
E01649,MS0188,StayPlus
E01650,MS0321,StayPlus
E01651,MS0776,Airport Lounge
E01652,MS0184,StayPlus
E01653,MS0828,Airport Lounge
E01654,MS0399,StayPlus
E01655,MS0817,StayPlus
E01656,MS0367,Airport Lounge
E01657,MS0722,Dining
E01658,MS0252,Airport Lounge
E01659,MS0776,StayPlus
E01660,MS0544,StayPlus
E01661,MS1134,Dining
E01662,MS0517,Airport Lounge
E01663,MS0788,StayPlus
E01664,MS0354,Free Night
E01665,MS0556,StayPlus
E01666,MS0111,Dining
E01667,MS0037,Airport Lounge
E01668,MS0941,Airport Lounge
E01669,MS0284,Free Night
E01670,MS0657,StayPlus
E01671,MS0621,Dining
E01672,MS0623,Dining
E01673,MS0473,StayPlus
E01674,MS1152,Dining
E01675,MS0241,StayPlus
E01676,MS0023,Airport Lounge
E01677,MS0771,Dining
E01678,MS1187,Free Night
E01679,MS0479,Free Night
E01680,MS0035,Airport Lounge
E01681,MS0013,Free Night
E01682,MS1000,Dining
E01683,MS0988,Dining
E01684,MS0181,Airport Lounge
E01685,MS1114,Airport Lounge
E01686,MS0566,StayPlus
E01687,MS0167,Dining
E01688,MS0852,Free Night
E01689,MS0384,StayPlus
E01690,MS0402,Dining
E01691,MS0254,Airport Lounge
E01692,MS0057,Airport Lounge
E01693,MS0307,Dining
E01694,MS0757,Free Night
E01695,MS0152,StayPlus
E01696,MS0667,Airport Lounge
E01697,MS0713,Dining
E01698,MS0820,Airport Lounge
E01699,MS0516,Dining
E01700,MS0243,Airport Lounge
E01701,MS0513,Dining
E01702,MS0896,Free Night
E01703,MS0824,Dining
E01704,MS0618,StayPlus
E01705,MS0158,StayPlus
E01706,MS0220,StayPlus
E01707,MS0211,Free Night
E01708,MS0144,Dining
E01709,MS0626,Dining
E01710,MS0389,Airport Lounge
E01711,MS0826,Dining
E01712,MS1057,Dining
E01713,MS0166,StayPlus
E01714,MS0505,Dining
E01715,MS0130,Free Night
E01716,MS0929,StayPlus
E01717,MS0185,Airport Lounge
E01718,MS0469,Dining
E01719,MS0989,Airport Lounge
E01720,MS0166,StayPlus
E01721,MS0070,Free Night
E01722,MS1040,Free Night
E01723,MS0817,Free Night
E01724,MS0031,Airport Lounge
E01725,MS1164,Dining
E01726,MS0600,Airport Lounge
E01727,MS0633,Dining
E01728,MS0970,Dining
E01729,MS1132,Free Night
E01730,MS1007,Dining
E01731,MS0481,Dining
E01732,MS0878,StayPlus
E01733,MS0185,StayPlus
E01734,MS0243,Dining
E01735,MS1023,Airport Lounge
E01736,MS1105,StayPlus
E01737,MS0304,Free Night
E01738,MS0835,Dining
E01739,MS0827,Free Night
E01740,MS0628,Dining
E01741,MS1019,Airport Lounge
E01742,MS0024,Airport Lounge
E01743,MS1131,Airport Lounge
E01744,MS0546,Airport Lounge
E01745,MS1074,Free Night
E01746,MS0038,Airport Lounge
E01747,MS0121,Free Night
E01748,MS0874,Airport Lounge
E01749,MS0736,Free Night
E01750,MS0218,Dining
E01751,MS0751,Dining
E01752,MS0573,StayPlus
E01753,MS1150,Free Night
E01754,MS0938,StayPlus
E01755,MS0542,Free Night
E01756,MS0418,Airport Lounge
E01757,MS0963,Airport Lounge
E01758,MS1115,StayPlus
E01759,MS0354,Airport Lounge
E01760,MS0572,Dining
E01761,MS0512,Dining
E01762,MS0126,Free Night
E01763,MS0303,Dining
E01764,MS0300,StayPlus
E01765,MS0263,Airport Lounge
E01766,MS0263,Dining
E01767,MS1066,Airport Lounge
E01768,MS0755,Airport Lounge
E01769,MS1053,Free Night
E01770,MS1169,Airport Lounge
E01771,MS0897,Dining
E01772,MS0024,StayPlus
E01773,MS0322,Free Night
E01774,MS0887,Free Night
E01775,MS1025,Dining
E01776,MS1131,Free Night
E01777,MS0644,StayPlus
E01778,MS0011,Free Night
E01779,MS0090,StayPlus
E01780,MS0328,Free Night
E01781,MS0700,Airport Lounge
E01782,MS1113,Airport Lounge
E01783,MS0475,Dining
E01784,MS0338,StayPlus
E01785,MS0573,Dining
E01786,MS0543,Dining
E01787,MS0153,Dining
E01788,MS0854,Dining
E01789,MS0718,Free Night
E01790,MS0196,StayPlus
E01791,MS0692,StayPlus
E01792,MS1173,Dining
E01793,MS0718,StayPlus
E01794,MS0948,Dining
E01795,MS0218,Free Night
E01796,MS0883,Dining
E01797,MS0562,Free Night
E01798,MS0751,Airport Lounge
E01799,MS0709,Dining
E01800,MS0379,Airport Lounge
E01801,MS0302,Airport Lounge
E01802,MS1146,Airport Lounge
E01803,MS1079,Airport Lounge
E01804,MS0630,Dining
E01805,MS0635,Airport Lounge
E01806,MS0317,StayPlus
E01807,MS0447,Free Night
E01808,MS0127,Free Night
E01809,MS0954,Airport Lounge
E01810,MS0249,Airport Lounge
E01811,MS0178,StayPlus
E01812,MS0770,StayPlus
E01813,MS0987,Airport Lounge
E01814,MS0848,Dining
E01815,MS1026,Dining
E01816,MS0969,Free Night
E01817,MS0633,StayPlus
E01818,MS1013,Airport Lounge
E01819,MS0976,StayPlus
E01820,MS0677,StayPlus
E01821,MS0532,Airport Lounge
E01822,MS0048,StayPlus
E01823,MS0299,Free Night
E01824,MS0495,StayPlus
E01825,MS0188,Airport Lounge
E01826,MS0132,StayPlus
E01827,MS0100,Airport Lounge
E01828,MS0045,Dining
E01829,MS0526,Free Night
E01830,MS0620,StayPlus
E01831,MS1104,Airport Lounge
E01832,MS0083,StayPlus
E01833,MS0044,StayPlus
E01834,MS0116,Dining
E01835,MS0955,Dining
E01836,MS1061,Free Night
E01837,MS0175,StayPlus
E01838,MS0302,Dining
E01839,MS0214,Free Night
E01840,MS1108,Free Night
E01841,MS0602,StayPlus
E01842,MS0672,StayPlus
E01843,MS1145,Airport Lounge
E01844,MS0403,Airport Lounge
E01845,MS0557,Airport Lounge
E01846,MS0930,Dining
E01847,MS0114,Airport Lounge
E01848,MS0679,Dining
E01849,MS0288,Free Night
E01850,MS0772,Airport Lounge
E01851,MS0458,StayPlus
E01852,MS0911,Airport Lounge
E01853,MS0579,Free Night
E01854,MS1116,Free Night
E01855,MS0956,Free Night
E01856,MS0333,Airport Lounge
E01857,MS0459,Airport Lounge
E01858,MS0624,Airport Lounge
E01859,MS0174,Free Night
E01860,MS0290,StayPlus
E01861,MS0488,Airport Lounge
E01862,MS1173,Free Night
E01863,MS1058,StayPlus
E01864,MS0502,Dining
E01865,MS0193,Free Night
E01866,MS0061,StayPlus
E01867,MS0523,Airport Lounge
E01868,MS0455,StayPlus
E01869,MS0791,Dining
E01870,MS0250,StayPlus
E01871,MS0216,Free Night
E01872,MS0163,StayPlus
E01873,MS0158,Free Night
E01874,MS0565,Airport Lounge
E01875,MS0705,StayPlus
E01876,MS1057,StayPlus
E01877,MS0596,Free Night
E01878,MS0981,StayPlus
E01879,MS0133,Free Night
E01880,MS0902,Airport Lounge
E01881,MS0087,Free Night
E01882,MS0042,Airport Lounge
E01883,MS1054,StayPlus
E01884,MS1073,Free Night
E01885,MS0929,Dining
E01886,MS0038,Dining
E01887,MS0383,Dining
E01888,MS1116,Dining
E01889,MS0775,Free Night
E01890,MS0143,Free Night
E01891,MS1050,Dining
E01892,MS0416,Free Night
E01893,MS0708,Dining
E01894,MS0275,Dining
E01895,MS0588,Free Night
E01896,MS0832,Airport Lounge
E01897,MS0395,StayPlus
E01898,MS0377,Airport Lounge
E01899,MS0235,StayPlus
E01900,MS0367,StayPlus
E01901,MS0427,StayPlus
E01902,MS0432,Airport Lounge
E01903,MS0070,StayPlus
E01904,MS0445,Free Night
E01905,MS0050,Dining
E01906,MS0829,Airport Lounge
E01907,MS0358,Dining
E01908,MS0285,StayPlus
E01909,MS0345,Dining
E01910,MS0247,Free Night
E01911,MS0346,Free Night
E01912,MS0395,StayPlus
E01913,MS0904,Dining
E01914,MS0659,Dining
E01915,MS0819,Dining
E01916,MS0454,StayPlus
E01917,MS0209,StayPlus
E01918,MS0579,Airport Lounge
E01919,MS0269,StayPlus
E01920,MS0418,Airport Lounge
E01921,MS0169,Free Night
E01922,MS0618,Free Night
E01923,MS0931,Dining
E01924,MS0053,Dining
E01925,MS0961,Airport Lounge
E01926,MS0922,Dining
E01927,MS0795,Free Night
E01928,MS1162,Dining
E01929,MS0437,Free Night
E01930,MS0712,Airport Lounge
E01931,MS0105,Airport Lounge
E01932,MS0323,Dining
E01933,MS1134,Free Night
E01934,MS0941,Airport Lounge
E01935,MS0903,StayPlus
E01936,MS0628,Dining
E01937,MS0377,Free Night
E01938,MS0699,Dining
E01939,MS0687,Free Night
E01940,MS0592,StayPlus
E01941,MS0220,Airport Lounge
E01942,MS0673,Airport Lounge
E01943,MS0753,StayPlus
E01944,MS0117,Free Night
E01945,MS0809,Free Night
E01946,MS0271,Airport Lounge
E01947,MS0616,Airport Lounge
E01948,MS0995,StayPlus
E01949,MS0711,Airport Lounge
E01950,MS1044,Airport Lounge
E01951,MS0001,Airport Lounge
E01952,MS1123,Airport Lounge
E01953,MS0759,Dining
E01954,MS1144,StayPlus
E01955,MS1150,Airport Lounge
E01956,MS0575,Free Night
E01957,MS0557,StayPlus
E01958,MS0678,StayPlus
E01959,MS1017,Airport Lounge
E01960,MS0400,Dining
E01961,MS0123,Dining
E01962,MS0535,StayPlus
E01963,MS0942,Dining
E01964,MS0222,Free Night
E01965,MS0376,Dining
E01966,MS1012,Free Night
E01967,MS1187,Dining
E01968,MS0872,Dining
E01969,MS0296,Airport Lounge
E01970,MS1178,StayPlus
E01971,MS0167,Airport Lounge
E01972,MS0860,StayPlus
E01973,MS1064,Dining
E01974,MS1154,Free Night
E01975,MS0534,Free Night
E01976,MS0663,Dining
E01977,MS1070,Dining
E01978,MS0993,Free Night
E01979,MS0488,Airport Lounge
E01980,MS0377,Dining
E01981,MS0750,StayPlus
E01982,MS0950,Free Night
E01983,MS0073,Dining
E01984,MS0353,Free Night
E01985,MS0566,Free Night
E01986,MS0568,StayPlus
E01987,MS0414,Airport Lounge
E01988,MS0545,StayPlus
E01989,MS1075,StayPlus
E01990,MS0986,StayPlus
E01991,MS0557,Free Night
E01992,MS0155,Free Night
E01993,MS0626,Airport Lounge
E01994,MS0484,Airport Lounge
E01995,MS0894,Free Night
E01996,MS0578,Free Night
E01997,MS0498,Free Night
E01998,MS0209,Free Night
E01999,MS1022,StayPlus
E02000,MS0203,Free Night
